[
  {
    "nombre": "Franco",
    "apellido": "Guido",
    "fecha_nacimiento": "28/6/2002",
    "dni": 44338568,
    "mail": "francoguido0@hotmail.com",
    "telefono": "1122639733",
    "pasw": "MamaPapa_200"
  },
  {
    "nombre": "Roncho",
    "apellido": "Wiiido",
    "fecha_nacimiento": "28/8/1956",
    "dni": 22331144,
    "mail": "rosho@micho.com",
    "telefono": "1133225566",
    "pasw": "Gogomari_234"
  },
  {
    "nombre": "Franco",
    "apellido": "Rojo",
    "fecha_nacimiento": "28/6/2002",
    "dni": 99223311,
    "mail": "wiwi@wi.com",
    "telefono": "1133445566",
    "pasw": "jorgERial_21"
  }
]